text,label
cash 387,spam
win 488,spam
win 974,spam
cash 916,spam
free 455,spam
win 767,spam
free 891,spam
free 924,spam
cash 573,spam
cash 935,spam
win 720,spam
free 278,spam
cash 274,spam
cash 260,spam
win 373,spam
free 622,spam
cash 281,spam
win 850,spam
win 799,spam
win 763,spam
win 627,spam
win 496,spam
win 508,spam
cash 601,spam
win 437,spam
free 796,spam
free 735,spam
win 429,spam
free 372,spam
cash 411,spam
win 373,spam
free 205,spam
cash 791,spam
cash 825,spam
win 410,spam
win 699,spam
win 308,spam
free 736,spam
cash 491,spam
win 650,spam
cash 613,spam
cash 908,spam
cash 577,spam
win 540,spam
free 584,spam
win 486,spam
cash 858,spam
free 193,spam
free 837,spam
cash 532,spam
free 272,spam
cash 969,spam
free 758,spam
free 710,spam
cash 957,spam
free 924,spam
win 529,spam
free 308,spam
cash 704,spam
win 443,spam
free 810,spam
win 554,spam
win 697,spam
cash 817,spam
free 111,spam
win 486,spam
cash 307,spam
cash 360,spam
win 998,spam
free 575,spam
cash 792,spam
cash 952,spam
free 973,spam
free 935,spam
cash 554,spam
cash 536,spam
win 873,spam
win 413,spam
free 607,spam
cash 517,spam
free 967,spam
cash 999,spam
cash 446,spam
cash 684,spam
free 343,spam
win 547,spam
free 969,spam
cash 157,spam
free 738,spam
cash 776,spam
free 317,spam
win 987,spam
free 713,spam
win 487,spam
cash 457,spam
win 570,spam
win 916,spam
cash 531,spam
win 733,spam
cash 157,spam
win 763,spam
free 837,spam
cash 720,spam
cash 462,spam
win 257,spam
cash 383,spam
free 161,spam
free 912,spam
win 132,spam
cash 455,spam
free 463,spam
free 266,spam
cash 657,spam
free 303,spam
cash 531,spam
free 571,spam
cash 417,spam
free 695,spam
free 813,spam
free 129,spam
free 628,spam
win 170,spam
free 768,spam
free 589,spam
free 595,spam
cash 212,spam
free 492,spam
win 515,spam
free 742,spam
free 332,spam
free 828,spam
win 223,spam
win 511,spam
win 374,spam
cash 374,spam
cash 860,spam
free 131,spam
win 609,spam
free 323,spam
cash 612,spam
free 874,spam
win 196,spam
cash 682,spam
cash 710,spam
free 646,spam
cash 198,spam
free 195,spam
win 913,spam
win 741,spam
win 652,spam
free 632,spam
win 446,spam
cash 836,spam
free 444,spam
cash 848,spam
cash 328,spam
win 989,spam
win 604,spam
win 471,spam
cash 204,spam
cash 134,spam
win 159,spam
cash 348,spam
free 899,spam
free 605,spam
free 115,spam
win 375,spam
win 865,spam
cash 477,spam
free 906,spam
cash 126,spam
free 380,spam
cash 565,spam
win 175,spam
free 251,spam
free 716,spam
cash 949,spam
cash 295,spam
win 116,spam
free 629,spam
cash 857,spam
cash 322,spam
win 344,spam
cash 735,spam
free 939,spam
cash 538,spam
win 561,spam
win 501,spam
win 481,spam
cash 788,spam
free 624,spam
free 232,spam
win 924,spam
win 488,spam
free 815,spam
free 283,spam
cash 536,spam
win 738,spam
free 330,spam
free 661,spam
win 456,spam
win 174,spam
win 466,spam
cash 290,spam
free 830,spam
free 202,spam
free 473,spam
cash 807,spam
cash 627,spam
win 993,spam
free 174,spam
free 542,spam
free 794,spam
free 175,spam
free 712,spam
cash 699,spam
cash 292,spam
cash 934,spam
win 953,spam
win 594,spam
win 813,spam
free 976,spam
win 378,spam
free 844,spam
win 904,spam
cash 526,spam
free 863,spam
free 674,spam
win 441,spam
win 355,spam
free 435,spam
cash 385,spam
cash 946,spam
cash 518,spam
free 264,spam
cash 454,spam
cash 266,spam
cash 599,spam
win 115,spam
win 696,spam
win 526,spam
win 116,spam
win 889,spam
win 876,spam
cash 988,spam
free 820,spam
win 849,spam
win 941,spam
win 772,spam
win 858,spam
free 764,spam
cash 134,spam
free 911,spam
win 568,spam
free 327,spam
cash 383,spam
free 691,spam
win 795,spam
cash 528,spam
free 917,spam
cash 548,spam
free 486,spam
cash 902,spam
free 475,spam
free 672,spam
win 895,spam
free 478,spam
cash 660,spam
win 464,spam
free 844,spam
win 642,spam
cash 316,spam
free 199,spam
win 516,spam
win 449,spam
cash 265,spam
win 277,spam
win 478,spam
cash 209,spam
cash 208,spam
win 636,spam
free 170,spam
free 560,spam
free 915,spam
free 210,spam
cash 228,spam
win 145,spam
cash 647,spam
free 993,spam
cash 811,spam
cash 798,spam
free 652,spam
win 523,spam
win 416,spam
win 124,spam
free 408,spam
win 953,spam
cash 580,spam
cash 775,spam
free 174,spam
free 138,spam
free 841,spam
win 664,spam
free 761,spam
win 606,spam
cash 302,spam
cash 205,spam
win 889,spam
win 237,spam
free 757,spam
free 426,spam
free 257,spam
free 851,spam
cash 772,spam
cash 789,spam
win 996,spam
free 944,spam
cash 295,spam
win 184,spam
free 232,spam
win 313,spam
win 714,spam
cash 255,spam
free 372,spam
win 505,spam
free 579,spam
cash 373,spam
free 801,spam
win 766,spam
free 418,spam
cash 545,spam
cash 483,spam
cash 912,spam
free 457,spam
cash 617,spam
win 202,spam
free 659,spam
free 135,spam
cash 172,spam
win 775,spam
cash 574,spam
win 711,spam
cash 721,spam
free 922,spam
win 787,spam
win 624,spam
cash 321,spam
cash 310,spam
cash 118,spam
cash 895,spam
win 383,spam
free 785,spam
win 197,spam
free 282,spam
win 173,spam
win 776,spam
cash 925,spam
free 346,spam
cash 408,spam
win 695,spam
cash 707,spam
free 930,spam
cash 143,spam
win 523,spam
cash 249,spam
cash 800,spam
win 456,spam
free 582,spam
cash 204,spam
cash 152,spam
free 924,spam
free 801,spam
win 108,spam
cash 134,spam
cash 986,spam
free 796,spam
win 330,spam
cash 913,spam
free 998,spam
cash 773,spam
cash 398,spam
free 874,spam
cash 208,spam
win 510,spam
win 821,spam
cash 867,spam
free 897,spam
free 275,spam
win 438,spam
cash 185,spam
cash 794,spam
free 910,spam
free 383,spam
cash 882,spam
cash 413,spam
free 923,spam
win 238,spam
free 987,spam
win 324,spam
free 747,spam
free 196,spam
free 975,spam
win 372,spam
free 429,spam
cash 847,spam
win 813,spam
cash 124,spam
free 349,spam
free 128,spam
free 676,spam
free 464,spam
cash 670,spam
win 624,spam
win 528,spam
cash 153,spam
cash 568,spam
free 300,spam
free 601,spam
cash 210,spam
cash 283,spam
free 669,spam
free 986,spam
win 580,spam
cash 457,spam
free 557,spam
free 374,spam
free 675,spam
cash 773,spam
win 291,spam
cash 307,spam
win 299,spam
cash 377,spam
free 657,spam
cash 563,spam
free 413,spam
cash 514,spam
free 594,spam
win 385,spam
cash 645,spam
free 306,spam
free 878,spam
win 946,spam
cash 173,spam
free 824,spam
free 134,spam
win 282,spam
win 822,spam
cash 818,spam
free 769,spam
win 533,spam
cash 766,spam
free 177,spam
win 393,spam
cash 912,spam
free 535,spam
win 142,spam
win 566,spam
free 231,spam
free 701,spam
cash 588,spam
win 986,spam
cash 117,spam
win 385,spam
cash 925,spam
cash 811,spam
free 780,spam
cash 313,spam
win 411,spam
win 953,spam
cash 480,spam
win 609,spam
win 868,spam
win 231,spam
win 823,spam
free 197,spam
cash 289,spam
free 220,spam
win 386,spam
win 695,spam
free 696,spam
cash 905,spam
win 292,spam
win 349,spam
win 476,spam
win 552,spam
cash 658,spam
cash 743,spam
win 793,spam
win 661,spam
cash 867,spam
free 620,spam
win 422,spam
win 371,spam
win 299,spam
cash 573,spam
win 648,spam
free 698,spam
cash 511,spam
win 419,spam
cash 295,spam
meeting at 11 pm,ham
meeting at 10 pm,ham
meeting at 8 pm,ham
meeting at 4 pm,ham
meeting at 6 pm,ham
meeting at 2 pm,ham
meeting at 9 pm,ham
meeting at 7 pm,ham
meeting at 6 pm,ham
meeting at 12 pm,ham
meeting at 1 pm,ham
meeting at 5 pm,ham
meeting at 1 pm,ham
meeting at 11 pm,ham
meeting at 5 pm,ham
meeting at 5 pm,ham
meeting at 5 pm,ham
meeting at 6 pm,ham
meeting at 11 pm,ham
meeting at 5 pm,ham
meeting at 1 pm,ham
meeting at 6 pm,ham
meeting at 1 pm,ham
meeting at 1 pm,ham
meeting at 11 pm,ham
meeting at 9 pm,ham
meeting at 8 pm,ham
meeting at 6 pm,ham
meeting at 5 pm,ham
meeting at 11 pm,ham
meeting at 10 pm,ham
meeting at 3 pm,ham
meeting at 12 pm,ham
meeting at 9 pm,ham
meeting at 10 pm,ham
meeting at 3 pm,ham
meeting at 8 pm,ham
meeting at 6 pm,ham
meeting at 4 pm,ham
meeting at 1 pm,ham
meeting at 9 pm,ham
meeting at 10 pm,ham
meeting at 9 pm,ham
meeting at 2 pm,ham
meeting at 12 pm,ham
meeting at 4 pm,ham
meeting at 8 pm,ham
meeting at 4 pm,ham
meeting at 10 pm,ham
meeting at 3 pm,ham
meeting at 5 pm,ham
meeting at 5 pm,ham
meeting at 10 pm,ham
meeting at 6 pm,ham
meeting at 12 pm,ham
meeting at 8 pm,ham
meeting at 8 pm,ham
meeting at 2 pm,ham
meeting at 12 pm,ham
meeting at 10 pm,ham
meeting at 7 pm,ham
meeting at 6 pm,ham
meeting at 2 pm,ham
meeting at 3 pm,ham
meeting at 9 pm,ham
meeting at 3 pm,ham
meeting at 12 pm,ham
meeting at 10 pm,ham
meeting at 12 pm,ham
meeting at 12 pm,ham
meeting at 12 pm,ham
meeting at 7 pm,ham
meeting at 3 pm,ham
meeting at 12 pm,ham
meeting at 8 pm,ham
meeting at 2 pm,ham
meeting at 12 pm,ham
meeting at 2 pm,ham
meeting at 2 pm,ham
meeting at 3 pm,ham
meeting at 3 pm,ham
meeting at 5 pm,ham
meeting at 9 pm,ham
meeting at 3 pm,ham
meeting at 8 pm,ham
meeting at 4 pm,ham
meeting at 8 pm,ham
meeting at 9 pm,ham
meeting at 8 pm,ham
meeting at 6 pm,ham
meeting at 6 pm,ham
meeting at 7 pm,ham
meeting at 6 pm,ham
meeting at 11 pm,ham
meeting at 3 pm,ham
meeting at 2 pm,ham
meeting at 11 pm,ham
meeting at 1 pm,ham
meeting at 6 pm,ham
meeting at 12 pm,ham
meeting at 9 pm,ham
meeting at 8 pm,ham
meeting at 7 pm,ham
meeting at 9 pm,ham
meeting at 10 pm,ham
meeting at 3 pm,ham
meeting at 1 pm,ham
meeting at 7 pm,ham
meeting at 4 pm,ham
meeting at 8 pm,ham
meeting at 3 pm,ham
meeting at 7 pm,ham
meeting at 11 pm,ham
meeting at 9 pm,ham
meeting at 2 pm,ham
meeting at 6 pm,ham
meeting at 5 pm,ham
meeting at 10 pm,ham
meeting at 8 pm,ham
meeting at 6 pm,ham
meeting at 3 pm,ham
meeting at 4 pm,ham
meeting at 8 pm,ham
meeting at 5 pm,ham
meeting at 7 pm,ham
meeting at 3 pm,ham
meeting at 3 pm,ham
meeting at 8 pm,ham
meeting at 8 pm,ham
meeting at 5 pm,ham
meeting at 10 pm,ham
meeting at 5 pm,ham
meeting at 7 pm,ham
meeting at 1 pm,ham
meeting at 6 pm,ham
meeting at 6 pm,ham
meeting at 11 pm,ham
meeting at 9 pm,ham
meeting at 8 pm,ham
meeting at 4 pm,ham
meeting at 3 pm,ham
meeting at 3 pm,ham
meeting at 6 pm,ham
meeting at 6 pm,ham
meeting at 2 pm,ham
meeting at 12 pm,ham
meeting at 6 pm,ham
meeting at 4 pm,ham
meeting at 11 pm,ham
meeting at 9 pm,ham
meeting at 12 pm,ham
meeting at 6 pm,ham
meeting at 10 pm,ham
meeting at 7 pm,ham
meeting at 9 pm,ham
meeting at 9 pm,ham
meeting at 9 pm,ham
meeting at 12 pm,ham
meeting at 7 pm,ham
meeting at 5 pm,ham
meeting at 3 pm,ham
meeting at 9 pm,ham
meeting at 1 pm,ham
meeting at 12 pm,ham
meeting at 5 pm,ham
meeting at 1 pm,ham
meeting at 1 pm,ham
meeting at 7 pm,ham
meeting at 4 pm,ham
meeting at 11 pm,ham
meeting at 3 pm,ham
meeting at 1 pm,ham
meeting at 7 pm,ham
meeting at 10 pm,ham
meeting at 8 pm,ham
meeting at 7 pm,ham
meeting at 2 pm,ham
meeting at 1 pm,ham
meeting at 8 pm,ham
meeting at 3 pm,ham
meeting at 3 pm,ham
meeting at 10 pm,ham
meeting at 11 pm,ham
meeting at 1 pm,ham
meeting at 1 pm,ham
meeting at 4 pm,ham
meeting at 12 pm,ham
meeting at 3 pm,ham
meeting at 11 pm,ham
meeting at 12 pm,ham
meeting at 11 pm,ham
meeting at 1 pm,ham
meeting at 4 pm,ham
meeting at 4 pm,ham
meeting at 6 pm,ham
meeting at 1 pm,ham
meeting at 7 pm,ham
meeting at 7 pm,ham
meeting at 2 pm,ham
meeting at 10 pm,ham
meeting at 11 pm,ham
meeting at 6 pm,ham
meeting at 4 pm,ham
meeting at 7 pm,ham
meeting at 8 pm,ham
meeting at 7 pm,ham
meeting at 6 pm,ham
meeting at 9 pm,ham
meeting at 9 pm,ham
meeting at 10 pm,ham
meeting at 11 pm,ham
meeting at 6 pm,ham
meeting at 12 pm,ham
meeting at 8 pm,ham
meeting at 3 pm,ham
meeting at 12 pm,ham
meeting at 12 pm,ham
meeting at 12 pm,ham
meeting at 6 pm,ham
meeting at 12 pm,ham
meeting at 9 pm,ham
meeting at 9 pm,ham
meeting at 10 pm,ham
meeting at 11 pm,ham
meeting at 12 pm,ham
meeting at 10 pm,ham
meeting at 1 pm,ham
meeting at 8 pm,ham
meeting at 5 pm,ham
meeting at 12 pm,ham
meeting at 10 pm,ham
meeting at 6 pm,ham
meeting at 9 pm,ham
meeting at 12 pm,ham
meeting at 2 pm,ham
meeting at 11 pm,ham
meeting at 11 pm,ham
meeting at 6 pm,ham
meeting at 8 pm,ham
meeting at 3 pm,ham
meeting at 6 pm,ham
meeting at 8 pm,ham
meeting at 5 pm,ham
meeting at 12 pm,ham
meeting at 10 pm,ham
meeting at 10 pm,ham
meeting at 12 pm,ham
meeting at 10 pm,ham
meeting at 11 pm,ham
meeting at 9 pm,ham
meeting at 1 pm,ham
meeting at 3 pm,ham
meeting at 3 pm,ham
meeting at 6 pm,ham
meeting at 1 pm,ham
meeting at 5 pm,ham
meeting at 11 pm,ham
meeting at 11 pm,ham
meeting at 2 pm,ham
meeting at 11 pm,ham
meeting at 1 pm,ham
meeting at 12 pm,ham
meeting at 8 pm,ham
meeting at 5 pm,ham
meeting at 6 pm,ham
meeting at 8 pm,ham
meeting at 12 pm,ham
meeting at 9 pm,ham
meeting at 9 pm,ham
meeting at 12 pm,ham
meeting at 6 pm,ham
meeting at 1 pm,ham
meeting at 12 pm,ham
meeting at 6 pm,ham
meeting at 3 pm,ham
meeting at 1 pm,ham
meeting at 3 pm,ham
meeting at 5 pm,ham
meeting at 5 pm,ham
meeting at 4 pm,ham
meeting at 8 pm,ham
meeting at 10 pm,ham
meeting at 1 pm,ham
meeting at 5 pm,ham
meeting at 8 pm,ham
meeting at 6 pm,ham
meeting at 10 pm,ham
meeting at 1 pm,ham
meeting at 9 pm,ham
meeting at 12 pm,ham
meeting at 1 pm,ham
meeting at 11 pm,ham
meeting at 10 pm,ham
meeting at 2 pm,ham
meeting at 6 pm,ham
meeting at 10 pm,ham
meeting at 1 pm,ham
meeting at 3 pm,ham
meeting at 2 pm,ham
meeting at 5 pm,ham
meeting at 6 pm,ham
meeting at 12 pm,ham
meeting at 5 pm,ham
meeting at 5 pm,ham
meeting at 2 pm,ham
meeting at 7 pm,ham
meeting at 5 pm,ham
meeting at 12 pm,ham
meeting at 8 pm,ham
meeting at 2 pm,ham
meeting at 7 pm,ham
meeting at 10 pm,ham
meeting at 8 pm,ham
meeting at 5 pm,ham
meeting at 3 pm,ham
meeting at 11 pm,ham
meeting at 6 pm,ham
meeting at 3 pm,ham
meeting at 6 pm,ham
meeting at 2 pm,ham
meeting at 10 pm,ham
meeting at 8 pm,ham
meeting at 7 pm,ham
meeting at 8 pm,ham
meeting at 3 pm,ham
meeting at 12 pm,ham
meeting at 1 pm,ham
meeting at 11 pm,ham
meeting at 8 pm,ham
meeting at 10 pm,ham
meeting at 2 pm,ham
meeting at 2 pm,ham
meeting at 1 pm,ham
meeting at 9 pm,ham
meeting at 12 pm,ham
meeting at 8 pm,ham
meeting at 11 pm,ham
meeting at 12 pm,ham
meeting at 10 pm,ham
meeting at 7 pm,ham
meeting at 4 pm,ham
meeting at 12 pm,ham
meeting at 7 pm,ham
meeting at 8 pm,ham
meeting at 7 pm,ham
meeting at 4 pm,ham
meeting at 11 pm,ham
meeting at 4 pm,ham
meeting at 6 pm,ham
meeting at 3 pm,ham
meeting at 1 pm,ham
meeting at 5 pm,ham
meeting at 3 pm,ham
meeting at 10 pm,ham
meeting at 10 pm,ham
meeting at 10 pm,ham
meeting at 3 pm,ham
meeting at 4 pm,ham
meeting at 11 pm,ham
meeting at 9 pm,ham
meeting at 9 pm,ham
meeting at 11 pm,ham
meeting at 2 pm,ham
meeting at 1 pm,ham
meeting at 3 pm,ham
meeting at 9 pm,ham
meeting at 10 pm,ham
meeting at 2 pm,ham
meeting at 5 pm,ham
meeting at 4 pm,ham
meeting at 11 pm,ham
meeting at 2 pm,ham
meeting at 1 pm,ham
meeting at 11 pm,ham
meeting at 6 pm,ham
meeting at 9 pm,ham
meeting at 8 pm,ham
meeting at 9 pm,ham
meeting at 2 pm,ham
meeting at 1 pm,ham
meeting at 1 pm,ham
meeting at 7 pm,ham
meeting at 1 pm,ham
meeting at 8 pm,ham
meeting at 5 pm,ham
meeting at 8 pm,ham
meeting at 1 pm,ham
meeting at 5 pm,ham
meeting at 10 pm,ham
meeting at 12 pm,ham
meeting at 3 pm,ham
meeting at 10 pm,ham
meeting at 5 pm,ham
meeting at 1 pm,ham
meeting at 11 pm,ham
meeting at 3 pm,ham
meeting at 2 pm,ham
meeting at 12 pm,ham
meeting at 6 pm,ham
meeting at 5 pm,ham
meeting at 9 pm,ham
meeting at 5 pm,ham
meeting at 8 pm,ham
meeting at 2 pm,ham
meeting at 2 pm,ham
meeting at 5 pm,ham
meeting at 4 pm,ham
meeting at 12 pm,ham
meeting at 11 pm,ham
meeting at 12 pm,ham
meeting at 7 pm,ham
meeting at 12 pm,ham
meeting at 4 pm,ham
meeting at 11 pm,ham
meeting at 2 pm,ham
meeting at 1 pm,ham
meeting at 4 pm,ham
meeting at 10 pm,ham
meeting at 11 pm,ham
meeting at 3 pm,ham
meeting at 8 pm,ham
meeting at 11 pm,ham
meeting at 11 pm,ham
meeting at 10 pm,ham
meeting at 8 pm,ham
meeting at 6 pm,ham
meeting at 9 pm,ham
meeting at 1 pm,ham
meeting at 3 pm,ham
meeting at 7 pm,ham
meeting at 12 pm,ham
meeting at 1 pm,ham
meeting at 1 pm,ham
meeting at 6 pm,ham
meeting at 7 pm,ham
meeting at 7 pm,ham
meeting at 4 pm,ham
meeting at 8 pm,ham
meeting at 6 pm,ham
meeting at 10 pm,ham
meeting at 3 pm,ham
meeting at 4 pm,ham
meeting at 6 pm,ham
meeting at 1 pm,ham
meeting at 5 pm,ham
meeting at 8 pm,ham
meeting at 8 pm,ham
meeting at 3 pm,ham
meeting at 6 pm,ham
meeting at 6 pm,ham
meeting at 1 pm,ham
meeting at 2 pm,ham
meeting at 7 pm,ham
meeting at 7 pm,ham
meeting at 4 pm,ham
meeting at 6 pm,ham
meeting at 6 pm,ham
meeting at 6 pm,ham
meeting at 10 pm,ham
meeting at 5 pm,ham
meeting at 2 pm,ham
meeting at 9 pm,ham
meeting at 6 pm,ham
meeting at 4 pm,ham
meeting at 1 pm,ham
meeting at 8 pm,ham
meeting at 4 pm,ham
meeting at 2 pm,ham
meeting at 5 pm,ham
meeting at 5 pm,ham
meeting at 12 pm,ham
meeting at 4 pm,ham
meeting at 6 pm,ham
meeting at 12 pm,ham
meeting at 3 pm,ham
meeting at 9 pm,ham
meeting at 4 pm,ham
meeting at 6 pm,ham
meeting at 12 pm,ham
meeting at 12 pm,ham
meeting at 7 pm,ham
meeting at 6 pm,ham
meeting at 10 pm,ham
meeting at 10 pm,ham
meeting at 5 pm,ham
meeting at 10 pm,ham
meeting at 6 pm,ham
meeting at 11 pm,ham
meeting at 5 pm,ham
meeting at 6 pm,ham
meeting at 7 pm,ham
meeting at 2 pm,ham
meeting at 9 pm,ham
meeting at 8 pm,ham
meeting at 1 pm,ham
meeting at 5 pm,ham
meeting at 5 pm,ham
meeting at 10 pm,ham
meeting at 6 pm,ham
meeting at 1 pm,ham
